{"cameraMode":{"drawMode":0,"name":"Shaded","section":"Shading Mode"},"sceneLighting":false,"audioPlay":false,"sceneViewState":{"m_AlwaysRefresh":false,"showFog":true,"showSkybox":false,"showFlares":true,"showImageEffects":true,"showParticleSystems":true,"showVisualEffectGraphs":true,"m_FxEnabled":true},"in2DMode":false,"pivot":{"x":967.7476806640625,"y":553.7437133789063,"z":-23.102031707763673},"rotation":{"x":-0.05679725855588913,"y":-0.015442010946571827,"z":0.0008719826000742614,"w":-0.9986993074417114},"size":209.2318115234375,"orthographic":false}